{
  "questionName": "Example3",
  "expectedCompletionTime": 10,
  "expectedNumOfActions": 0,
  "objects": [
    {
      "name": "hard",
      "vertices": [
        [
          -1,
          -1.0000001192092896,
          -0.9999998211860657
        ],
        [
          -1,
          -0.9999998211860657,
          1.0000001192092896
        ],
        [
          -1,
          0,
          0
        ],
        [
          -1,
          0.9999998211860657,
          -1.0000001192092896
        ],
        [
          -1,
          1.0000001192092896,
          0.9999998211860657
        ],
        [
          1,
          1.0000001192092896,
          0.9999998211860657
        ],
        [
          1,
          0.9999998211860657,
          -1.0000001192092896
        ],
        [
          1,
          -0.9999998211860657,
          1.0000001192092896
        ],
        [
          1,
          -1.0000001192092896,
          -0.9999998211860657
        ],
        [
          -1,
          -2.8068416118621826,
          -0.9999995231628418
        ],
        [
          1,
          -2.8068411350250244,
          1.0000004768371582
        ],
        [
          1,
          -2.8068416118621826,
          -0.9999995231628418
        ],
        [
          2.8532681465148926,
          -1.4911552667617798,
          0.45633840560913086
        ],
        [
          2.8532681465148926,
          -1.4911555051803589,
          -0.45633792877197266
        ],
        [
          2.8532681465148926,
          -2.315685987472534,
          0.4563385546207428
        ],
        [
          2.8532681465148926,
          -2.315685987472534,
          -0.4563377797603607
        ],
        [
          -3.336998701095581,
          1.0000001192092896,
          0.9999998211860657
        ],
        [
          -3.336998701095581,
          0,
          0
        ],
        [
          -3.336998701095581,
          0.9999998211860657,
          -1.0000001192092896
        ]
      ],
      "faces": [
        [
          0,
          1,
          2
        ],
        [
          3,
          4,
          5
        ],
        [
          3,
          5,
          6
        ],
        [
          6,
          5,
          7
        ],
        [
          6,
          7,
          8
        ],
        [
          7,
          0,
          9
        ],
        [
          7,
          9,
          10
        ],
        [
          3,
          6,
          8
        ],
        [
          3,
          8,
          0
        ],
        [
          5,
          4,
          1
        ],
        [
          5,
          1,
          7
        ],
        [
          11,
          10,
          9
        ],
        [
          0,
          7,
          1
        ],
        [
          0,
          8,
          11
        ],
        [
          0,
          11,
          9
        ],
        [
          8,
          7,
          12
        ],
        [
          8,
          12,
          13
        ],
        [
          13,
          12,
          14
        ],
        [
          13,
          14,
          15
        ],
        [
          11,
          8,
          13
        ],
        [
          11,
          13,
          15
        ],
        [
          7,
          10,
          14
        ],
        [
          7,
          14,
          12
        ],
        [
          10,
          11,
          15
        ],
        [
          10,
          15,
          14
        ],
        [
          2,
          4,
          16
        ],
        [
          2,
          16,
          17
        ],
        [
          2,
          3,
          0
        ],
        [
          4,
          2,
          1
        ],
        [
          18,
          17,
          16
        ],
        [
          3,
          2,
          17
        ],
        [
          3,
          17,
          18
        ],
        [
          4,
          3,
          18
        ],
        [
          4,
          18,
          16
        ]
      ]
    }
  ]
}