{
  "questionName": "Example3",
  "expectedCompletionTime": 10,
  "expectedNumOfActions": 0,
  "objects": [
    {
      "name": "Cube",
      "vertices": [
        [
          -1,
          -1.0000001192092896,
          -0.9999998211860657
        ],
        [
          -1,
          -0.9999998211860657,
          1.0000001192092896
        ],
        [
          -1,
          0.9999998211860657,
          -1.0000001192092896
        ],
        [
          -1,
          1.0000001192092896,
          0.9999998211860657
        ],
        [
          1,
          -1.0000001192092896,
          -0.9999998211860657
        ],
        [
          1,
          -0.9999998211860657,
          1.0000001192092896
        ],
        [
          1,
          0.9999998211860657,
          -1.0000001192092896
        ],
        [
          1,
          1.0000001192092896,
          0.9999998211860657
        ],
        [
          2.88761043548584,
          1.0000001192092896,
          0.9999998211860657
        ],
        [
          2.88761043548584,
          0.9999998211860657,
          -1.0000001192092896
        ],
        [
          2.88761043548584,
          -1.0000001192092896,
          -0.9999998211860657
        ],
        [
          0,
          -1,
          1.6292067073209182e-07
        ],
        [
          -1,
          -3.6246206760406494,
          -0.9999994039535522
        ],
        [
          -1,
          -3.624620199203491,
          1.0000005960464478
        ],
        [
          0,
          -3.6246204376220703,
          5.905255875404691e-07
        ],
        [
          -1,
          -0.9999995231628418,
          3.0026297569274902
        ],
        [
          -1,
          1.0000004768371582,
          3.002629280090332
        ],
        [
          1,
          -0.9999995231628418,
          3.0026297569274902
        ]
      ],
      "faces": [
        [
          0,
          1,
          3,
          2
        ],
        [
          2,
          3,
          7,
          6
        ],
        [
          7,
          4,
          10,
          8
        ],
        [
          4,
          11,
          0
        ],
        [
          2,
          6,
          4,
          0
        ],
        [
          7,
          3,
          5
        ],
        [
          9,
          8,
          10
        ],
        [
          4,
          7,
          5
        ],
        [
          4,
          6,
          9,
          10
        ],
        [
          6,
          7,
          8,
          9
        ],
        [
          12,
          14,
          13
        ],
        [
          11,
          1,
          13,
          14
        ],
        [
          1,
          11,
          5
        ],
        [
          11,
          4,
          5
        ],
        [
          0,
          11,
          14,
          12
        ],
        [
          1,
          0,
          12,
          13
        ],
        [
          17,
          16,
          15
        ],
        [
          5,
          3,
          16,
          17
        ],
        [
          1,
          5,
          17,
          15
        ],
        [
          3,
          1,
          15,
          16
        ]
      ]
    }
  ]
}