{
  "questionName": "Example1",
  "expectedCompletionTime": 10,
  "expectedNumOfActions": 10,
  "objects": [
    {
      "name": "Cube",
      "vertices": [
        [
          -1,
          -1.0000001192092896,
          -0.9999998211860657
        ],
        [
          -1,
          -0.9999998211860657,
          1.0000001192092896
        ],
        [
          -1,
          0.9999998211860657,
          -1.0000001192092896
        ],
        [
          -1,
          1.0000001192092896,
          0.9999998211860657
        ],
        [
          1,
          -1.0000001192092896,
          -0.9999998211860657
        ],
        [
          1,
          -0.9999998211860657,
          1.0000001192092896
        ],
        [
          1,
          0.9999998211860657,
          -1.0000001192092896
        ],
        [
          1,
          1.0000001192092896,
          0.9999998211860657
        ],
        [
          -0.7306481599807739,
          -0.7306477427482605,
          2.5497379302978516
        ],
        [
          -0.7306481599807739,
          0.7306485772132874,
          2.5497379302978516
        ],
        [
          0.7306481599807739,
          0.7306485772132874,
          2.5497379302978516
        ],
        [
          0.7306481599807739,
          -0.7306477427482605,
          2.5497379302978516
        ],
        [
          2.361171245574951,
          0.7531974911689758,
          0.7531972527503967
        ],
        [
          2.361171245574951,
          0.7531972527503967,
          -0.7531974911689758
        ],
        [
          2.361171245574951,
          -0.7531974911689758,
          -0.7531972527503967
        ],
        [
          2.361171245574951,
          -0.7531972527503967,
          0.7531974911689758
        ]
      ],
      "faces": [
        [
          0,
          1,
          3
        ],
        [
          0,
          3,
          2
        ],
        [
          2,
          3,
          7
        ],
        [
          2,
          7,
          6
        ],
        [
          5,
          4,
          14
        ],
        [
          5,
          14,
          15
        ],
        [
          4,
          5,
          1
        ],
        [
          4,
          1,
          0
        ],
        [
          2,
          6,
          4
        ],
        [
          2,
          4,
          0
        ],
        [
          3,
          1,
          8
        ],
        [
          3,
          8,
          9
        ],
        [
          10,
          9,
          8
        ],
        [
          10,
          8,
          11
        ],
        [
          1,
          5,
          11
        ],
        [
          1,
          11,
          8
        ],
        [
          7,
          3,
          9
        ],
        [
          7,
          9,
          10
        ],
        [
          5,
          7,
          10
        ],
        [
          5,
          10,
          11
        ],
        [
          13,
          12,
          15
        ],
        [
          13,
          15,
          14
        ],
        [
          4,
          6,
          13
        ],
        [
          4,
          13,
          14
        ],
        [
          7,
          5,
          15
        ],
        [
          7,
          15,
          12
        ],
        [
          6,
          7,
          12
        ],
        [
          6,
          12,
          13
        ]
      ]
    }
  ]
}